<?xml version="1.0" encoding="UTF-8" standalone="yes"?>
<addon id="repository.fubuz" name="Addie Repository" version="1.0" provider-name="FubuZ">
    <extension point="xbmc.addon.repository" name="Addie Repository">
        <dir>
            <info compressed="false">https://adenaan.github.io/addielive/repo/zips/addons.xml</info>
            <checksum>https://adenaan.github.io/addielive/repo/zips/addons.xml.md5</checksum>
            <datadir zip="true">https://adenaan.github.io/addielive/repo/zips/</datadir>
        </dir>
    </extension>
    <extension point="xbmc.addon.metadata">
        <summary>Addie Repository</summary>
        <description>Provides installation and automatic updates for DaddyLive Kodi addon.</description>
        <disclaimer></disclaimer>
        <platform>all</platform>
        <assets>
            <icon>icon.png</icon>
            <fanart>fanart.jpg</fanart>
        </assets>
    </extension>
</addon>
